2012-01-01 00:00:00.0000000,2012-01-01,20120101000000,20120101,2012,01,01,52,2011,06,01,00,00,00,20121,201201,201152,2012,1,1,52,2011,6,1,0,0,0
2012-01-02 00:00:00.0000000,2012-01-02,20120102000000,20120102,2012,01,01,01,2012,00,02,00,00,00,20121,201201,201201,2012,1,1,1,2012,0,2,0,0,0
2012-01-03 00:00:00.0000000,2012-01-03,20120103000000,20120103,2012,01,01,01,2012,01,03,00,00,00,20121,201201,201201,2012,1,1,1,2012,1,3,0,0,0
2012-01-04 00:00:00.0000000,2012-01-04,20120104000000,20120104,2012,01,01,01,2012,02,04,00,00,00,20121,201201,201201,2012,1,1,1,2012,2,4,0,0,0
2012-01-05 00:00:00.0000000,2012-01-05,20120105000000,20120105,2012,01,01,01,2012,03,05,00,00,00,20121,201201,201201,2012,1,1,1,2012,3,5,0,0,0
2012-01-06 00:00:00.0000000,2012-01-06,20120106000000,20120106,2012,01,01,01,2012,04,06,00,00,00,20121,201201,201201,2012,1,1,1,2012,4,6,0,0,0
2012-01-07 00:00:00.0000000,2012-01-07,20120107000000,20120107,2012,01,01,01,2012,05,07,00,00,00,20121,201201,201201,2012,1,1,1,2012,5,7,0,0,0
2012-01-08 00:00:00.0000000,2012-01-08,20120108000000,20120108,2012,01,01,01,2012,06,08,00,00,00,20121,201201,201201,2012,1,1,1,2012,6,8,0,0,0
2012-01-09 00:00:00.0000000,2012-01-09,20120109000000,20120109,2012,01,01,02,2012,00,09,00,00,00,20121,201201,201202,2012,1,1,2,2012,0,9,0,0,0
2012-01-10 00:00:00.0000000,2012-01-10,20120110000000,20120110,2012,01,01,02,2012,01,10,00,00,00,20121,201201,201202,2012,1,1,2,2012,1,10,0,0,0
2012-01-11 00:00:00.0000000,2012-01-11,20120111000000,20120111,2012,01,01,02,2012,02,11,00,00,00,20121,201201,201202,2012,1,1,2,2012,2,11,0,0,0
2012-01-12 00:00:00.0000000,2012-01-12,20120112000000,20120112,2012,01,01,02,2012,03,12,00,00,00,20121,201201,201202,2012,1,1,2,2012,3,12,0,0,0
2012-01-13 00:00:00.0000000,2012-01-13,20120113000000,20120113,2012,01,01,02,2012,04,13,00,00,00,20121,201201,201202,2012,1,1,2,2012,4,13,0,0,0
2012-01-14 00:00:00.0000000,2012-01-14,20120114000000,20120114,2012,01,01,02,2012,05,14,00,00,00,20121,201201,201202,2012,1,1,2,2012,5,14,0,0,0
2012-01-15 00:00:00.0000000,2012-01-15,20120115000000,20120115,2012,01,01,02,2012,06,15,00,00,00,20121,201201,201202,2012,1,1,2,2012,6,15,0,0,0
2012-01-16 00:00:00.0000000,2012-01-16,20120116000000,20120116,2012,01,01,03,2012,00,16,00,00,00,20121,201201,201203,2012,1,1,3,2012,0,16,0,0,0
2012-01-17 00:00:00.0000000,2012-01-17,20120117000000,20120117,2012,01,01,03,2012,01,17,00,00,00,20121,201201,201203,2012,1,1,3,2012,1,17,0,0,0
2012-01-18 00:00:00.0000000,2012-01-18,20120118000000,20120118,2012,01,01,03,2012,02,18,00,00,00,20121,201201,201203,2012,1,1,3,2012,2,18,0,0,0
2012-01-19 00:00:00.0000000,2012-01-19,20120119000000,20120119,2012,01,01,03,2012,03,19,00,00,00,20121,201201,201203,2012,1,1,3,2012,3,19,0,0,0
2012-01-20 00:00:00.0000000,2012-01-20,20120120000000,20120120,2012,01,01,03,2012,04,20,00,00,00,20121,201201,201203,2012,1,1,3,2012,4,20,0,0,0
2012-01-21 00:00:00.0000000,2012-01-21,20120121000000,20120121,2012,01,01,03,2012,05,21,00,00,00,20121,201201,201203,2012,1,1,3,2012,5,21,0,0,0
2012-01-22 00:00:00.0000000,2012-01-22,20120122000000,20120122,2012,01,01,03,2012,06,22,00,00,00,20121,201201,201203,2012,1,1,3,2012,6,22,0,0,0
2012-01-23 00:00:00.0000000,2012-01-23,20120123000000,20120123,2012,01,01,04,2012,00,23,00,00,00,20121,201201,201204,2012,1,1,4,2012,0,23,0,0,0
2012-01-24 00:00:00.0000000,2012-01-24,20120124000000,20120124,2012,01,01,04,2012,01,24,00,00,00,20121,201201,201204,2012,1,1,4,2012,1,24,0,0,0
2012-01-25 00:00:00.0000000,2012-01-25,20120125000000,20120125,2012,01,01,04,2012,02,25,00,00,00,20121,201201,201204,2012,1,1,4,2012,2,25,0,0,0
2012-01-26 00:00:00.0000000,2012-01-26,20120126000000,20120126,2012,01,01,04,2012,03,26,00,00,00,20121,201201,201204,2012,1,1,4,2012,3,26,0,0,0
2012-01-27 00:00:00.0000000,2012-01-27,20120127000000,20120127,2012,01,01,04,2012,04,27,00,00,00,20121,201201,201204,2012,1,1,4,2012,4,27,0,0,0
2012-01-28 00:00:00.0000000,2012-01-28,20120128000000,20120128,2012,01,01,04,2012,05,28,00,00,00,20121,201201,201204,2012,1,1,4,2012,5,28,0,0,0
2012-01-29 00:00:00.0000000,2012-01-29,20120129000000,20120129,2012,01,01,04,2012,06,29,00,00,00,20121,201201,201204,2012,1,1,4,2012,6,29,0,0,0
2012-01-30 00:00:00.0000000,2012-01-30,20120130000000,20120130,2012,01,01,05,2012,00,30,00,00,00,20121,201201,201205,2012,1,1,5,2012,0,30,0,0,0
2012-01-31 00:00:00.0000000,2012-01-31,20120131000000,20120131,2012,01,01,05,2012,01,31,00,00,00,20121,201201,201205,2012,1,1,5,2012,1,31,0,0,0
2012-02-01 00:00:00.0000000,2012-02-01,20120201000000,20120201,2012,01,02,05,2012,02,01,00,00,00,20121,201202,201205,2012,1,2,5,2012,2,1,0,0,0
2012-02-02 00:00:00.0000000,2012-02-02,20120202000000,20120202,2012,01,02,05,2012,03,02,00,00,00,20121,201202,201205,2012,1,2,5,2012,3,2,0,0,0
2012-02-03 00:00:00.0000000,2012-02-03,20120203000000,20120203,2012,01,02,05,2012,04,03,00,00,00,20121,201202,201205,2012,1,2,5,2012,4,3,0,0,0
2012-02-04 00:00:00.0000000,2012-02-04,20120204000000,20120204,2012,01,02,05,2012,05,04,00,00,00,20121,201202,201205,2012,1,2,5,2012,5,4,0,0,0
2012-02-05 00:00:00.0000000,2012-02-05,20120205000000,20120205,2012,01,02,05,2012,06,05,00,00,00,20121,201202,201205,2012,1,2,5,2012,6,5,0,0,0
2012-02-06 00:00:00.0000000,2012-02-06,20120206000000,20120206,2012,01,02,06,2012,00,06,00,00,00,20121,201202,201206,2012,1,2,6,2012,0,6,0,0,0
2012-02-07 00:00:00.0000000,2012-02-07,20120207000000,20120207,2012,01,02,06,2012,01,07,00,00,00,20121,201202,201206,2012,1,2,6,2012,1,7,0,0,0
2012-02-08 00:00:00.0000000,2012-02-08,20120208000000,20120208,2012,01,02,06,2012,02,08,00,00,00,20121,201202,201206,2012,1,2,6,2012,2,8,0,0,0
2012-02-09 00:00:00.0000000,2012-02-09,20120209000000,20120209,2012,01,02,06,2012,03,09,00,00,00,20121,201202,201206,2012,1,2,6,2012,3,9,0,0,0
2012-02-10 00:00:00.0000000,2012-02-10,20120210000000,20120210,2012,01,02,06,2012,04,10,00,00,00,20121,201202,201206,2012,1,2,6,2012,4,10,0,0,0
2012-02-11 00:00:00.0000000,2012-02-11,20120211000000,20120211,2012,01,02,06,2012,05,11,00,00,00,20121,201202,201206,2012,1,2,6,2012,5,11,0,0,0
2012-02-12 00:00:00.0000000,2012-02-12,20120212000000,20120212,2012,01,02,06,2012,06,12,00,00,00,20121,201202,201206,2012,1,2,6,2012,6,12,0,0,0
2012-02-13 00:00:00.0000000,2012-02-13,20120213000000,20120213,2012,01,02,07,2012,00,13,00,00,00,20121,201202,201207,2012,1,2,7,2012,0,13,0,0,0
2012-02-14 00:00:00.0000000,2012-02-14,20120214000000,20120214,2012,01,02,07,2012,01,14,00,00,00,20121,201202,201207,2012,1,2,7,2012,1,14,0,0,0
2012-02-15 00:00:00.0000000,2012-02-15,20120215000000,20120215,2012,01,02,07,2012,02,15,00,00,00,20121,201202,201207,2012,1,2,7,2012,2,15,0,0,0
2012-02-16 00:00:00.0000000,2012-02-16,20120216000000,20120216,2012,01,02,07,2012,03,16,00,00,00,20121,201202,201207,2012,1,2,7,2012,3,16,0,0,0
2012-02-17 00:00:00.0000000,2012-02-17,20120217000000,20120217,2012,01,02,07,2012,04,17,00,00,00,20121,201202,201207,2012,1,2,7,2012,4,17,0,0,0
2012-02-18 00:00:00.0000000,2012-02-18,20120218000000,20120218,2012,01,02,07,2012,05,18,00,00,00,20121,201202,201207,2012,1,2,7,2012,5,18,0,0,0
2012-02-19 00:00:00.0000000,2012-02-19,20120219000000,20120219,2012,01,02,07,2012,06,19,00,00,00,20121,201202,201207,2012,1,2,7,2012,6,19,0,0,0
2012-02-20 00:00:00.0000000,2012-02-20,20120220000000,20120220,2012,01,02,08,2012,00,20,00,00,00,20121,201202,201208,2012,1,2,8,2012,0,20,0,0,0
2012-02-21 00:00:00.0000000,2012-02-21,20120221000000,20120221,2012,01,02,08,2012,01,21,00,00,00,20121,201202,201208,2012,1,2,8,2012,1,21,0,0,0
2012-02-22 00:00:00.0000000,2012-02-22,20120222000000,20120222,2012,01,02,08,2012,02,22,00,00,00,20121,201202,201208,2012,1,2,8,2012,2,22,0,0,0
2012-02-23 00:00:00.0000000,2012-02-23,20120223000000,20120223,2012,01,02,08,2012,03,23,00,00,00,20121,201202,201208,2012,1,2,8,2012,3,23,0,0,0
2012-02-24 00:00:00.0000000,2012-02-24,20120224000000,20120224,2012,01,02,08,2012,04,24,00,00,00,20121,201202,201208,2012,1,2,8,2012,4,24,0,0,0
2012-02-25 00:00:00.0000000,2012-02-25,20120225000000,20120225,2012,01,02,08,2012,05,25,00,00,00,20121,201202,201208,2012,1,2,8,2012,5,25,0,0,0
2012-02-26 00:00:00.0000000,2012-02-26,20120226000000,20120226,2012,01,02,08,2012,06,26,00,00,00,20121,201202,201208,2012,1,2,8,2012,6,26,0,0,0
2012-02-27 00:00:00.0000000,2012-02-27,20120227000000,20120227,2012,01,02,09,2012,00,27,00,00,00,20121,201202,201209,2012,1,2,9,2012,0,27,0,0,0
2012-02-28 00:00:00.0000000,2012-02-28,20120228000000,20120228,2012,01,02,09,2012,01,28,00,00,00,20121,201202,201209,2012,1,2,9,2012,1,28,0,0,0
2012-02-29 00:00:00.0000000,2012-02-29,20120229000000,20120229,2012,01,02,09,2012,02,29,00,00,00,20121,201202,201209,2012,1,2,9,2012,2,29,0,0,0
2012-03-01 00:00:00.0000000,2012-03-01,20120301000000,20120301,2012,01,03,09,2012,03,01,00,00,00,20121,201203,201209,2012,1,3,9,2012,3,1,0,0,0
2012-03-02 00:00:00.0000000,2012-03-02,20120302000000,20120302,2012,01,03,09,2012,04,02,00,00,00,20121,201203,201209,2012,1,3,9,2012,4,2,0,0,0
2012-03-03 00:00:00.0000000,2012-03-03,20120303000000,20120303,2012,01,03,09,2012,05,03,00,00,00,20121,201203,201209,2012,1,3,9,2012,5,3,0,0,0
2012-03-04 00:00:00.0000000,2012-03-04,20120304000000,20120304,2012,01,03,09,2012,06,04,00,00,00,20121,201203,201209,2012,1,3,9,2012,6,4,0,0,0
2012-03-05 00:00:00.0000000,2012-03-05,20120305000000,20120305,2012,01,03,10,2012,00,05,00,00,00,20121,201203,201210,2012,1,3,10,2012,0,5,0,0,0
2012-03-06 00:00:00.0000000,2012-03-06,20120306000000,20120306,2012,01,03,10,2012,01,06,00,00,00,20121,201203,201210,2012,1,3,10,2012,1,6,0,0,0
2012-03-07 00:00:00.0000000,2012-03-07,20120307000000,20120307,2012,01,03,10,2012,02,07,00,00,00,20121,201203,201210,2012,1,3,10,2012,2,7,0,0,0
2012-03-08 00:00:00.0000000,2012-03-08,20120308000000,20120308,2012,01,03,10,2012,03,08,00,00,00,20121,201203,201210,2012,1,3,10,2012,3,8,0,0,0
2012-03-09 00:00:00.0000000,2012-03-09,20120309000000,20120309,2012,01,03,10,2012,04,09,00,00,00,20121,201203,201210,2012,1,3,10,2012,4,9,0,0,0
2012-03-10 00:00:00.0000000,2012-03-10,20120310000000,20120310,2012,01,03,10,2012,05,10,00,00,00,20121,201203,201210,2012,1,3,10,2012,5,10,0,0,0
2012-03-11 00:00:00.0000000,2012-03-11,20120311000000,20120311,2012,01,03,10,2012,06,11,00,00,00,20121,201203,201210,2012,1,3,10,2012,6,11,0,0,0
2012-03-12 00:00:00.0000000,2012-03-12,20120312000000,20120312,2012,01,03,11,2012,00,12,00,00,00,20121,201203,201211,2012,1,3,11,2012,0,12,0,0,0
2012-03-13 00:00:00.0000000,2012-03-13,20120313000000,20120313,2012,01,03,11,2012,01,13,00,00,00,20121,201203,201211,2012,1,3,11,2012,1,13,0,0,0
2012-03-14 00:00:00.0000000,2012-03-14,20120314000000,20120314,2012,01,03,11,2012,02,14,00,00,00,20121,201203,201211,2012,1,3,11,2012,2,14,0,0,0
2012-03-15 00:00:00.0000000,2012-03-15,20120315000000,20120315,2012,01,03,11,2012,03,15,00,00,00,20121,201203,201211,2012,1,3,11,2012,3,15,0,0,0
2012-03-16 00:00:00.0000000,2012-03-16,20120316000000,20120316,2012,01,03,11,2012,04,16,00,00,00,20121,201203,201211,2012,1,3,11,2012,4,16,0,0,0
2012-03-17 00:00:00.0000000,2012-03-17,20120317000000,20120317,2012,01,03,11,2012,05,17,00,00,00,20121,201203,201211,2012,1,3,11,2012,5,17,0,0,0
2012-03-18 00:00:00.0000000,2012-03-18,20120318000000,20120318,2012,01,03,11,2012,06,18,00,00,00,20121,201203,201211,2012,1,3,11,2012,6,18,0,0,0
2012-03-19 00:00:00.0000000,2012-03-19,20120319000000,20120319,2012,01,03,12,2012,00,19,00,00,00,20121,201203,201212,2012,1,3,12,2012,0,19,0,0,0
2012-03-20 00:00:00.0000000,2012-03-20,20120320000000,20120320,2012,01,03,12,2012,01,20,00,00,00,20121,201203,201212,2012,1,3,12,2012,1,20,0,0,0
2012-03-21 00:00:00.0000000,2012-03-21,20120321000000,20120321,2012,01,03,12,2012,02,21,00,00,00,20121,201203,201212,2012,1,3,12,2012,2,21,0,0,0
2012-03-22 00:00:00.0000000,2012-03-22,20120322000000,20120322,2012,01,03,12,2012,03,22,00,00,00,20121,201203,201212,2012,1,3,12,2012,3,22,0,0,0
2012-03-23 00:00:00.0000000,2012-03-23,20120323000000,20120323,2012,01,03,12,2012,04,23,00,00,00,20121,201203,201212,2012,1,3,12,2012,4,23,0,0,0
2012-03-24 00:00:00.0000000,2012-03-24,20120324000000,20120324,2012,01,03,12,2012,05,24,00,00,00,20121,201203,201212,2012,1,3,12,2012,5,24,0,0,0
2012-03-25 00:00:00.0000000,2012-03-25,20120325000000,20120325,2012,01,03,12,2012,06,25,00,00,00,20121,201203,201212,2012,1,3,12,2012,6,25,0,0,0
2012-03-26 00:00:00.0000000,2012-03-26,20120326000000,20120326,2012,01,03,13,2012,00,26,00,00,00,20121,201203,201213,2012,1,3,13,2012,0,26,0,0,0
2012-03-27 00:00:00.0000000,2012-03-27,20120327000000,20120327,2012,01,03,13,2012,01,27,00,00,00,20121,201203,201213,2012,1,3,13,2012,1,27,0,0,0
2012-03-28 00:00:00.0000000,2012-03-28,20120328000000,20120328,2012,01,03,13,2012,02,28,00,00,00,20121,201203,201213,2012,1,3,13,2012,2,28,0,0,0
2012-03-29 00:00:00.0000000,2012-03-29,20120329000000,20120329,2012,01,03,13,2012,03,29,00,00,00,20121,201203,201213,2012,1,3,13,2012,3,29,0,0,0
2012-03-30 00:00:00.0000000,2012-03-30,20120330000000,20120330,2012,01,03,13,2012,04,30,00,00,00,20121,201203,201213,2012,1,3,13,2012,4,30,0,0,0
2012-03-31 00:00:00.0000000,2012-03-31,20120331000000,20120331,2012,01,03,13,2012,05,31,00,00,00,20121,201203,201213,2012,1,3,13,2012,5,31,0,0,0
2012-04-01 00:00:00.0000000,2012-04-01,20120401000000,20120401,2012,02,04,13,2012,06,01,00,00,00,20122,201204,201213,2012,2,4,13,2012,6,1,0,0,0
2012-04-02 00:00:00.0000000,2012-04-02,20120402000000,20120402,2012,02,04,14,2012,00,02,00,00,00,20122,201204,201214,2012,2,4,14,2012,0,2,0,0,0
2012-04-03 00:00:00.0000000,2012-04-03,20120403000000,20120403,2012,02,04,14,2012,01,03,00,00,00,20122,201204,201214,2012,2,4,14,2012,1,3,0,0,0
2012-04-04 00:00:00.0000000,2012-04-04,20120404000000,20120404,2012,02,04,14,2012,02,04,00,00,00,20122,201204,201214,2012,2,4,14,2012,2,4,0,0,0
2012-04-05 00:00:00.0000000,2012-04-05,20120405000000,20120405,2012,02,04,14,2012,03,05,00,00,00,20122,201204,201214,2012,2,4,14,2012,3,5,0,0,0
2012-04-06 00:00:00.0000000,2012-04-06,20120406000000,20120406,2012,02,04,14,2012,04,06,00,00,00,20122,201204,201214,2012,2,4,14,2012,4,6,0,0,0
2012-04-07 00:00:00.0000000,2012-04-07,20120407000000,20120407,2012,02,04,14,2012,05,07,00,00,00,20122,201204,201214,2012,2,4,14,2012,5,7,0,0,0
2012-04-08 00:00:00.0000000,2012-04-08,20120408000000,20120408,2012,02,04,14,2012,06,08,00,00,00,20122,201204,201214,2012,2,4,14,2012,6,8,0,0,0
2012-04-09 00:00:00.0000000,2012-04-09,20120409000000,20120409,2012,02,04,15,2012,00,09,00,00,00,20122,201204,201215,2012,2,4,15,2012,0,9,0,0,0
2012-04-10 00:00:00.0000000,2012-04-10,20120410000000,20120410,2012,02,04,15,2012,01,10,00,00,00,20122,201204,201215,2012,2,4,15,2012,1,10,0,0,0
2012-04-11 00:00:00.0000000,2012-04-11,20120411000000,20120411,2012,02,04,15,2012,02,11,00,00,00,20122,201204,201215,2012,2,4,15,2012,2,11,0,0,0
2012-04-12 00:00:00.0000000,2012-04-12,20120412000000,20120412,2012,02,04,15,2012,03,12,00,00,00,20122,201204,201215,2012,2,4,15,2012,3,12,0,0,0
2012-04-13 00:00:00.0000000,2012-04-13,20120413000000,20120413,2012,02,04,15,2012,04,13,00,00,00,20122,201204,201215,2012,2,4,15,2012,4,13,0,0,0
2012-04-14 00:00:00.0000000,2012-04-14,20120414000000,20120414,2012,02,04,15,2012,05,14,00,00,00,20122,201204,201215,2012,2,4,15,2012,5,14,0,0,0
2012-04-15 00:00:00.0000000,2012-04-15,20120415000000,20120415,2012,02,04,15,2012,06,15,00,00,00,20122,201204,201215,2012,2,4,15,2012,6,15,0,0,0
2012-04-16 00:00:00.0000000,2012-04-16,20120416000000,20120416,2012,02,04,16,2012,00,16,00,00,00,20122,201204,201216,2012,2,4,16,2012,0,16,0,0,0
2012-04-17 00:00:00.0000000,2012-04-17,20120417000000,20120417,2012,02,04,16,2012,01,17,00,00,00,20122,201204,201216,2012,2,4,16,2012,1,17,0,0,0
2012-04-18 00:00:00.0000000,2012-04-18,20120418000000,20120418,2012,02,04,16,2012,02,18,00,00,00,20122,201204,201216,2012,2,4,16,2012,2,18,0,0,0
2012-04-19 00:00:00.0000000,2012-04-19,20120419000000,20120419,2012,02,04,16,2012,03,19,00,00,00,20122,201204,201216,2012,2,4,16,2012,3,19,0,0,0
2012-04-20 00:00:00.0000000,2012-04-20,20120420000000,20120420,2012,02,04,16,2012,04,20,00,00,00,20122,201204,201216,2012,2,4,16,2012,4,20,0,0,0
2012-04-21 00:00:00.0000000,2012-04-21,20120421000000,20120421,2012,02,04,16,2012,05,21,00,00,00,20122,201204,201216,2012,2,4,16,2012,5,21,0,0,0
2012-04-22 00:00:00.0000000,2012-04-22,20120422000000,20120422,2012,02,04,16,2012,06,22,00,00,00,20122,201204,201216,2012,2,4,16,2012,6,22,0,0,0
2012-04-23 00:00:00.0000000,2012-04-23,20120423000000,20120423,2012,02,04,17,2012,00,23,00,00,00,20122,201204,201217,2012,2,4,17,2012,0,23,0,0,0
2012-04-24 00:00:00.0000000,2012-04-24,20120424000000,20120424,2012,02,04,17,2012,01,24,00,00,00,20122,201204,201217,2012,2,4,17,2012,1,24,0,0,0
2012-04-25 00:00:00.0000000,2012-04-25,20120425000000,20120425,2012,02,04,17,2012,02,25,00,00,00,20122,201204,201217,2012,2,4,17,2012,2,25,0,0,0
2012-04-26 00:00:00.0000000,2012-04-26,20120426000000,20120426,2012,02,04,17,2012,03,26,00,00,00,20122,201204,201217,2012,2,4,17,2012,3,26,0,0,0
2012-04-27 00:00:00.0000000,2012-04-27,20120427000000,20120427,2012,02,04,17,2012,04,27,00,00,00,20122,201204,201217,2012,2,4,17,2012,4,27,0,0,0
2012-04-28 00:00:00.0000000,2012-04-28,20120428000000,20120428,2012,02,04,17,2012,05,28,00,00,00,20122,201204,201217,2012,2,4,17,2012,5,28,0,0,0
2012-04-29 00:00:00.0000000,2012-04-29,20120429000000,20120429,2012,02,04,17,2012,06,29,00,00,00,20122,201204,201217,2012,2,4,17,2012,6,29,0,0,0
2012-04-30 00:00:00.0000000,2012-04-30,20120430000000,20120430,2012,02,04,18,2012,00,30,00,00,00,20122,201204,201218,2012,2,4,18,2012,0,30,0,0,0
2012-05-01 00:00:00.0000000,2012-05-01,20120501000000,20120501,2012,02,05,18,2012,01,01,00,00,00,20122,201205,201218,2012,2,5,18,2012,1,1,0,0,0
2012-05-02 00:00:00.0000000,2012-05-02,20120502000000,20120502,2012,02,05,18,2012,02,02,00,00,00,20122,201205,201218,2012,2,5,18,2012,2,2,0,0,0
2012-05-03 00:00:00.0000000,2012-05-03,20120503000000,20120503,2012,02,05,18,2012,03,03,00,00,00,20122,201205,201218,2012,2,5,18,2012,3,3,0,0,0
2012-05-04 00:00:00.0000000,2012-05-04,20120504000000,20120504,2012,02,05,18,2012,04,04,00,00,00,20122,201205,201218,2012,2,5,18,2012,4,4,0,0,0
2012-05-05 00:00:00.0000000,2012-05-05,20120505000000,20120505,2012,02,05,18,2012,05,05,00,00,00,20122,201205,201218,2012,2,5,18,2012,5,5,0,0,0
2012-05-06 00:00:00.0000000,2012-05-06,20120506000000,20120506,2012,02,05,18,2012,06,06,00,00,00,20122,201205,201218,2012,2,5,18,2012,6,6,0,0,0
2012-05-07 00:00:00.0000000,2012-05-07,20120507000000,20120507,2012,02,05,19,2012,00,07,00,00,00,20122,201205,201219,2012,2,5,19,2012,0,7,0,0,0
2012-05-08 00:00:00.0000000,2012-05-08,20120508000000,20120508,2012,02,05,19,2012,01,08,00,00,00,20122,201205,201219,2012,2,5,19,2012,1,8,0,0,0
2012-05-09 00:00:00.0000000,2012-05-09,20120509000000,20120509,2012,02,05,19,2012,02,09,00,00,00,20122,201205,201219,2012,2,5,19,2012,2,9,0,0,0
2012-05-10 00:00:00.0000000,2012-05-10,20120510000000,20120510,2012,02,05,19,2012,03,10,00,00,00,20122,201205,201219,2012,2,5,19,2012,3,10,0,0,0
2012-05-11 00:00:00.0000000,2012-05-11,20120511000000,20120511,2012,02,05,19,2012,04,11,00,00,00,20122,201205,201219,2012,2,5,19,2012,4,11,0,0,0
2012-05-12 00:00:00.0000000,2012-05-12,20120512000000,20120512,2012,02,05,19,2012,05,12,00,00,00,20122,201205,201219,2012,2,5,19,2012,5,12,0,0,0
2012-05-13 00:00:00.0000000,2012-05-13,20120513000000,20120513,2012,02,05,19,2012,06,13,00,00,00,20122,201205,201219,2012,2,5,19,2012,6,13,0,0,0
2012-05-14 00:00:00.0000000,2012-05-14,20120514000000,20120514,2012,02,05,20,2012,00,14,00,00,00,20122,201205,201220,2012,2,5,20,2012,0,14,0,0,0
2012-05-15 00:00:00.0000000,2012-05-15,20120515000000,20120515,2012,02,05,20,2012,01,15,00,00,00,20122,201205,201220,2012,2,5,20,2012,1,15,0,0,0
2012-05-16 00:00:00.0000000,2012-05-16,20120516000000,20120516,2012,02,05,20,2012,02,16,00,00,00,20122,201205,201220,2012,2,5,20,2012,2,16,0,0,0
2012-05-17 00:00:00.0000000,2012-05-17,20120517000000,20120517,2012,02,05,20,2012,03,17,00,00,00,20122,201205,201220,2012,2,5,20,2012,3,17,0,0,0
2012-05-18 00:00:00.0000000,2012-05-18,20120518000000,20120518,2012,02,05,20,2012,04,18,00,00,00,20122,201205,201220,2012,2,5,20,2012,4,18,0,0,0
2012-05-19 00:00:00.0000000,2012-05-19,20120519000000,20120519,2012,02,05,20,2012,05,19,00,00,00,20122,201205,201220,2012,2,5,20,2012,5,19,0,0,0
2012-05-20 00:00:00.0000000,2012-05-20,20120520000000,20120520,2012,02,05,20,2012,06,20,00,00,00,20122,201205,201220,2012,2,5,20,2012,6,20,0,0,0
2012-05-21 00:00:00.0000000,2012-05-21,20120521000000,20120521,2012,02,05,21,2012,00,21,00,00,00,20122,201205,201221,2012,2,5,21,2012,0,21,0,0,0
2012-05-22 00:00:00.0000000,2012-05-22,20120522000000,20120522,2012,02,05,21,2012,01,22,00,00,00,20122,201205,201221,2012,2,5,21,2012,1,22,0,0,0
2012-05-23 00:00:00.0000000,2012-05-23,20120523000000,20120523,2012,02,05,21,2012,02,23,00,00,00,20122,201205,201221,2012,2,5,21,2012,2,23,0,0,0
2012-05-24 00:00:00.0000000,2012-05-24,20120524000000,20120524,2012,02,05,21,2012,03,24,00,00,00,20122,201205,201221,2012,2,5,21,2012,3,24,0,0,0
2012-05-25 00:00:00.0000000,2012-05-25,20120525000000,20120525,2012,02,05,21,2012,04,25,00,00,00,20122,201205,201221,2012,2,5,21,2012,4,25,0,0,0
2012-05-26 00:00:00.0000000,2012-05-26,20120526000000,20120526,2012,02,05,21,2012,05,26,00,00,00,20122,201205,201221,2012,2,5,21,2012,5,26,0,0,0
2012-05-27 00:00:00.0000000,2012-05-27,20120527000000,20120527,2012,02,05,21,2012,06,27,00,00,00,20122,201205,201221,2012,2,5,21,2012,6,27,0,0,0
2012-05-28 00:00:00.0000000,2012-05-28,20120528000000,20120528,2012,02,05,22,2012,00,28,00,00,00,20122,201205,201222,2012,2,5,22,2012,0,28,0,0,0
2012-05-29 00:00:00.0000000,2012-05-29,20120529000000,20120529,2012,02,05,22,2012,01,29,00,00,00,20122,201205,201222,2012,2,5,22,2012,1,29,0,0,0
2012-05-30 00:00:00.0000000,2012-05-30,20120530000000,20120530,2012,02,05,22,2012,02,30,00,00,00,20122,201205,201222,2012,2,5,22,2012,2,30,0,0,0
2012-05-31 00:00:00.0000000,2012-05-31,20120531000000,20120531,2012,02,05,22,2012,03,31,00,00,00,20122,201205,201222,2012,2,5,22,2012,3,31,0,0,0
2012-06-01 00:00:00.0000000,2012-06-01,20120601000000,20120601,2012,02,06,22,2012,04,01,00,00,00,20122,201206,201222,2012,2,6,22,2012,4,1,0,0,0
2012-06-02 00:00:00.0000000,2012-06-02,20120602000000,20120602,2012,02,06,22,2012,05,02,00,00,00,20122,201206,201222,2012,2,6,22,2012,5,2,0,0,0
2012-06-03 00:00:00.0000000,2012-06-03,20120603000000,20120603,2012,02,06,22,2012,06,03,00,00,00,20122,201206,201222,2012,2,6,22,2012,6,3,0,0,0
2012-06-04 00:00:00.0000000,2012-06-04,20120604000000,20120604,2012,02,06,23,2012,00,04,00,00,00,20122,201206,201223,2012,2,6,23,2012,0,4,0,0,0
2012-06-05 00:00:00.0000000,2012-06-05,20120605000000,20120605,2012,02,06,23,2012,01,05,00,00,00,20122,201206,201223,2012,2,6,23,2012,1,5,0,0,0
2012-06-06 00:00:00.0000000,2012-06-06,20120606000000,20120606,2012,02,06,23,2012,02,06,00,00,00,20122,201206,201223,2012,2,6,23,2012,2,6,0,0,0
2012-06-07 00:00:00.0000000,2012-06-07,20120607000000,20120607,2012,02,06,23,2012,03,07,00,00,00,20122,201206,201223,2012,2,6,23,2012,3,7,0,0,0
2012-06-08 00:00:00.0000000,2012-06-08,20120608000000,20120608,2012,02,06,23,2012,04,08,00,00,00,20122,201206,201223,2012,2,6,23,2012,4,8,0,0,0
2012-06-09 00:00:00.0000000,2012-06-09,20120609000000,20120609,2012,02,06,23,2012,05,09,00,00,00,20122,201206,201223,2012,2,6,23,2012,5,9,0,0,0
2012-06-10 00:00:00.0000000,2012-06-10,20120610000000,20120610,2012,02,06,23,2012,06,10,00,00,00,20122,201206,201223,2012,2,6,23,2012,6,10,0,0,0
2012-06-11 00:00:00.0000000,2012-06-11,20120611000000,20120611,2012,02,06,24,2012,00,11,00,00,00,20122,201206,201224,2012,2,6,24,2012,0,11,0,0,0
2012-06-12 00:00:00.0000000,2012-06-12,20120612000000,20120612,2012,02,06,24,2012,01,12,00,00,00,20122,201206,201224,2012,2,6,24,2012,1,12,0,0,0
2012-06-13 00:00:00.0000000,2012-06-13,20120613000000,20120613,2012,02,06,24,2012,02,13,00,00,00,20122,201206,201224,2012,2,6,24,2012,2,13,0,0,0
2012-06-14 00:00:00.0000000,2012-06-14,20120614000000,20120614,2012,02,06,24,2012,03,14,00,00,00,20122,201206,201224,2012,2,6,24,2012,3,14,0,0,0
2012-06-15 00:00:00.0000000,2012-06-15,20120615000000,20120615,2012,02,06,24,2012,04,15,00,00,00,20122,201206,201224,2012,2,6,24,2012,4,15,0,0,0
2012-06-16 00:00:00.0000000,2012-06-16,20120616000000,20120616,2012,02,06,24,2012,05,16,00,00,00,20122,201206,201224,2012,2,6,24,2012,5,16,0,0,0
2012-06-17 00:00:00.0000000,2012-06-17,20120617000000,20120617,2012,02,06,24,2012,06,17,00,00,00,20122,201206,201224,2012,2,6,24,2012,6,17,0,0,0
2012-06-18 00:00:00.0000000,2012-06-18,20120618000000,20120618,2012,02,06,25,2012,00,18,00,00,00,20122,201206,201225,2012,2,6,25,2012,0,18,0,0,0
2012-06-19 00:00:00.0000000,2012-06-19,20120619000000,20120619,2012,02,06,25,2012,01,19,00,00,00,20122,201206,201225,2012,2,6,25,2012,1,19,0,0,0
2012-06-20 00:00:00.0000000,2012-06-20,20120620000000,20120620,2012,02,06,25,2012,02,20,00,00,00,20122,201206,201225,2012,2,6,25,2012,2,20,0,0,0
2012-06-21 00:00:00.0000000,2012-06-21,20120621000000,20120621,2012,02,06,25,2012,03,21,00,00,00,20122,201206,201225,2012,2,6,25,2012,3,21,0,0,0
2012-06-22 00:00:00.0000000,2012-06-22,20120622000000,20120622,2012,02,06,25,2012,04,22,00,00,00,20122,201206,201225,2012,2,6,25,2012,4,22,0,0,0
2012-06-23 00:00:00.0000000,2012-06-23,20120623000000,20120623,2012,02,06,25,2012,05,23,00,00,00,20122,201206,201225,2012,2,6,25,2012,5,23,0,0,0
2012-06-24 00:00:00.0000000,2012-06-24,20120624000000,20120624,2012,02,06,25,2012,06,24,00,00,00,20122,201206,201225,2012,2,6,25,2012,6,24,0,0,0
2012-06-25 00:00:00.0000000,2012-06-25,20120625000000,20120625,2012,02,06,26,2012,00,25,00,00,00,20122,201206,201226,2012,2,6,26,2012,0,25,0,0,0
2012-06-26 00:00:00.0000000,2012-06-26,20120626000000,20120626,2012,02,06,26,2012,01,26,00,00,00,20122,201206,201226,2012,2,6,26,2012,1,26,0,0,0
2012-06-27 00:00:00.0000000,2012-06-27,20120627000000,20120627,2012,02,06,26,2012,02,27,00,00,00,20122,201206,201226,2012,2,6,26,2012,2,27,0,0,0
2012-06-28 00:00:00.0000000,2012-06-28,20120628000000,20120628,2012,02,06,26,2012,03,28,00,00,00,20122,201206,201226,2012,2,6,26,2012,3,28,0,0,0
2012-06-29 00:00:00.0000000,2012-06-29,20120629000000,20120629,2012,02,06,26,2012,04,29,00,00,00,20122,201206,201226,2012,2,6,26,2012,4,29,0,0,0
2012-06-30 00:00:00.0000000,2012-06-30,20120630000000,20120630,2012,02,06,26,2012,05,30,00,00,00,20122,201206,201226,2012,2,6,26,2012,5,30,0,0,0
2012-07-01 00:00:00.0000000,2012-07-01,20120701000000,20120701,2012,03,07,26,2012,06,01,00,00,00,20123,201207,201226,2012,3,7,26,2012,6,1,0,0,0
2012-07-02 00:00:00.0000000,2012-07-02,20120702000000,20120702,2012,03,07,27,2012,00,02,00,00,00,20123,201207,201227,2012,3,7,27,2012,0,2,0,0,0
2012-07-03 00:00:00.0000000,2012-07-03,20120703000000,20120703,2012,03,07,27,2012,01,03,00,00,00,20123,201207,201227,2012,3,7,27,2012,1,3,0,0,0
2012-07-04 00:00:00.0000000,2012-07-04,20120704000000,20120704,2012,03,07,27,2012,02,04,00,00,00,20123,201207,201227,2012,3,7,27,2012,2,4,0,0,0
2012-07-05 00:00:00.0000000,2012-07-05,20120705000000,20120705,2012,03,07,27,2012,03,05,00,00,00,20123,201207,201227,2012,3,7,27,2012,3,5,0,0,0
2012-07-06 00:00:00.0000000,2012-07-06,20120706000000,20120706,2012,03,07,27,2012,04,06,00,00,00,20123,201207,201227,2012,3,7,27,2012,4,6,0,0,0
2012-07-07 00:00:00.0000000,2012-07-07,20120707000000,20120707,2012,03,07,27,2012,05,07,00,00,00,20123,201207,201227,2012,3,7,27,2012,5,7,0,0,0
2012-07-08 00:00:00.0000000,2012-07-08,20120708000000,20120708,2012,03,07,27,2012,06,08,00,00,00,20123,201207,201227,2012,3,7,27,2012,6,8,0,0,0
2012-07-09 00:00:00.0000000,2012-07-09,20120709000000,20120709,2012,03,07,28,2012,00,09,00,00,00,20123,201207,201228,2012,3,7,28,2012,0,9,0,0,0
2012-07-10 00:00:00.0000000,2012-07-10,20120710000000,20120710,2012,03,07,28,2012,01,10,00,00,00,20123,201207,201228,2012,3,7,28,2012,1,10,0,0,0
2012-07-11 00:00:00.0000000,2012-07-11,20120711000000,20120711,2012,03,07,28,2012,02,11,00,00,00,20123,201207,201228,2012,3,7,28,2012,2,11,0,0,0
2012-07-12 00:00:00.0000000,2012-07-12,20120712000000,20120712,2012,03,07,28,2012,03,12,00,00,00,20123,201207,201228,2012,3,7,28,2012,3,12,0,0,0
2012-07-13 00:00:00.0000000,2012-07-13,20120713000000,20120713,2012,03,07,28,2012,04,13,00,00,00,20123,201207,201228,2012,3,7,28,2012,4,13,0,0,0
2012-07-14 00:00:00.0000000,2012-07-14,20120714000000,20120714,2012,03,07,28,2012,05,14,00,00,00,20123,201207,201228,2012,3,7,28,2012,5,14,0,0,0
2012-07-15 00:00:00.0000000,2012-07-15,20120715000000,20120715,2012,03,07,28,2012,06,15,00,00,00,20123,201207,201228,2012,3,7,28,2012,6,15,0,0,0
2012-07-16 00:00:00.0000000,2012-07-16,20120716000000,20120716,2012,03,07,29,2012,00,16,00,00,00,20123,201207,201229,2012,3,7,29,2012,0,16,0,0,0
2012-07-17 00:00:00.0000000,2012-07-17,20120717000000,20120717,2012,03,07,29,2012,01,17,00,00,00,20123,201207,201229,2012,3,7,29,2012,1,17,0,0,0
2012-07-18 00:00:00.0000000,2012-07-18,20120718000000,20120718,2012,03,07,29,2012,02,18,00,00,00,20123,201207,201229,2012,3,7,29,2012,2,18,0,0,0
2012-07-19 00:00:00.0000000,2012-07-19,20120719000000,20120719,2012,03,07,29,2012,03,19,00,00,00,20123,201207,201229,2012,3,7,29,2012,3,19,0,0,0
2012-07-20 00:00:00.0000000,2012-07-20,20120720000000,20120720,2012,03,07,29,2012,04,20,00,00,00,20123,201207,201229,2012,3,7,29,2012,4,20,0,0,0
2012-07-21 00:00:00.0000000,2012-07-21,20120721000000,20120721,2012,03,07,29,2012,05,21,00,00,00,20123,201207,201229,2012,3,7,29,2012,5,21,0,0,0
2012-07-22 00:00:00.0000000,2012-07-22,20120722000000,20120722,2012,03,07,29,2012,06,22,00,00,00,20123,201207,201229,2012,3,7,29,2012,6,22,0,0,0
2012-07-23 00:00:00.0000000,2012-07-23,20120723000000,20120723,2012,03,07,30,2012,00,23,00,00,00,20123,201207,201230,2012,3,7,30,2012,0,23,0,0,0
2012-07-24 00:00:00.0000000,2012-07-24,20120724000000,20120724,2012,03,07,30,2012,01,24,00,00,00,20123,201207,201230,2012,3,7,30,2012,1,24,0,0,0
2012-07-25 00:00:00.0000000,2012-07-25,20120725000000,20120725,2012,03,07,30,2012,02,25,00,00,00,20123,201207,201230,2012,3,7,30,2012,2,25,0,0,0
2012-07-26 00:00:00.0000000,2012-07-26,20120726000000,20120726,2012,03,07,30,2012,03,26,00,00,00,20123,201207,201230,2012,3,7,30,2012,3,26,0,0,0
2012-07-27 00:00:00.0000000,2012-07-27,20120727000000,20120727,2012,03,07,30,2012,04,27,00,00,00,20123,201207,201230,2012,3,7,30,2012,4,27,0,0,0
2012-07-28 00:00:00.0000000,2012-07-28,20120728000000,20120728,2012,03,07,30,2012,05,28,00,00,00,20123,201207,201230,2012,3,7,30,2012,5,28,0,0,0
2012-07-29 00:00:00.0000000,2012-07-29,20120729000000,20120729,2012,03,07,30,2012,06,29,00,00,00,20123,201207,201230,2012,3,7,30,2012,6,29,0,0,0
2012-07-30 00:00:00.0000000,2012-07-30,20120730000000,20120730,2012,03,07,31,2012,00,30,00,00,00,20123,201207,201231,2012,3,7,31,2012,0,30,0,0,0
2012-07-31 00:00:00.0000000,2012-07-31,20120731000000,20120731,2012,03,07,31,2012,01,31,00,00,00,20123,201207,201231,2012,3,7,31,2012,1,31,0,0,0
2012-08-01 00:00:00.0000000,2012-08-01,20120801000000,20120801,2012,03,08,31,2012,02,01,00,00,00,20123,201208,201231,2012,3,8,31,2012,2,1,0,0,0
2012-08-02 00:00:00.0000000,2012-08-02,20120802000000,20120802,2012,03,08,31,2012,03,02,00,00,00,20123,201208,201231,2012,3,8,31,2012,3,2,0,0,0
2012-08-03 00:00:00.0000000,2012-08-03,20120803000000,20120803,2012,03,08,31,2012,04,03,00,00,00,20123,201208,201231,2012,3,8,31,2012,4,3,0,0,0
2012-08-04 00:00:00.0000000,2012-08-04,20120804000000,20120804,2012,03,08,31,2012,05,04,00,00,00,20123,201208,201231,2012,3,8,31,2012,5,4,0,0,0
2012-08-05 00:00:00.0000000,2012-08-05,20120805000000,20120805,2012,03,08,31,2012,06,05,00,00,00,20123,201208,201231,2012,3,8,31,2012,6,5,0,0,0
2012-08-06 00:00:00.0000000,2012-08-06,20120806000000,20120806,2012,03,08,32,2012,00,06,00,00,00,20123,201208,201232,2012,3,8,32,2012,0,6,0,0,0
2012-08-07 00:00:00.0000000,2012-08-07,20120807000000,20120807,2012,03,08,32,2012,01,07,00,00,00,20123,201208,201232,2012,3,8,32,2012,1,7,0,0,0
2012-08-08 00:00:00.0000000,2012-08-08,20120808000000,20120808,2012,03,08,32,2012,02,08,00,00,00,20123,201208,201232,2012,3,8,32,2012,2,8,0,0,0
2012-08-09 00:00:00.0000000,2012-08-09,20120809000000,20120809,2012,03,08,32,2012,03,09,00,00,00,20123,201208,201232,2012,3,8,32,2012,3,9,0,0,0
2012-08-10 00:00:00.0000000,2012-08-10,20120810000000,20120810,2012,03,08,32,2012,04,10,00,00,00,20123,201208,201232,2012,3,8,32,2012,4,10,0,0,0
2012-08-11 00:00:00.0000000,2012-08-11,20120811000000,20120811,2012,03,08,32,2012,05,11,00,00,00,20123,201208,201232,2012,3,8,32,2012,5,11,0,0,0
2012-08-12 00:00:00.0000000,2012-08-12,20120812000000,20120812,2012,03,08,32,2012,06,12,00,00,00,20123,201208,201232,2012,3,8,32,2012,6,12,0,0,0
2012-08-13 00:00:00.0000000,2012-08-13,20120813000000,20120813,2012,03,08,33,2012,00,13,00,00,00,20123,201208,201233,2012,3,8,33,2012,0,13,0,0,0
2012-08-14 00:00:00.0000000,2012-08-14,20120814000000,20120814,2012,03,08,33,2012,01,14,00,00,00,20123,201208,201233,2012,3,8,33,2012,1,14,0,0,0
2012-08-15 00:00:00.0000000,2012-08-15,20120815000000,20120815,2012,03,08,33,2012,02,15,00,00,00,20123,201208,201233,2012,3,8,33,2012,2,15,0,0,0
2012-08-16 00:00:00.0000000,2012-08-16,20120816000000,20120816,2012,03,08,33,2012,03,16,00,00,00,20123,201208,201233,2012,3,8,33,2012,3,16,0,0,0
2012-08-17 00:00:00.0000000,2012-08-17,20120817000000,20120817,2012,03,08,33,2012,04,17,00,00,00,20123,201208,201233,2012,3,8,33,2012,4,17,0,0,0
2012-08-18 00:00:00.0000000,2012-08-18,20120818000000,20120818,2012,03,08,33,2012,05,18,00,00,00,20123,201208,201233,2012,3,8,33,2012,5,18,0,0,0
2012-08-19 00:00:00.0000000,2012-08-19,20120819000000,20120819,2012,03,08,33,2012,06,19,00,00,00,20123,201208,201233,2012,3,8,33,2012,6,19,0,0,0
2012-08-20 00:00:00.0000000,2012-08-20,20120820000000,20120820,2012,03,08,34,2012,00,20,00,00,00,20123,201208,201234,2012,3,8,34,2012,0,20,0,0,0
2012-08-21 00:00:00.0000000,2012-08-21,20120821000000,20120821,2012,03,08,34,2012,01,21,00,00,00,20123,201208,201234,2012,3,8,34,2012,1,21,0,0,0
2012-08-22 00:00:00.0000000,2012-08-22,20120822000000,20120822,2012,03,08,34,2012,02,22,00,00,00,20123,201208,201234,2012,3,8,34,2012,2,22,0,0,0
2012-08-23 00:00:00.0000000,2012-08-23,20120823000000,20120823,2012,03,08,34,2012,03,23,00,00,00,20123,201208,201234,2012,3,8,34,2012,3,23,0,0,0
2012-08-24 00:00:00.0000000,2012-08-24,20120824000000,20120824,2012,03,08,34,2012,04,24,00,00,00,20123,201208,201234,2012,3,8,34,2012,4,24,0,0,0
2012-08-25 00:00:00.0000000,2012-08-25,20120825000000,20120825,2012,03,08,34,2012,05,25,00,00,00,20123,201208,201234,2012,3,8,34,2012,5,25,0,0,0
2012-08-26 00:00:00.0000000,2012-08-26,20120826000000,20120826,2012,03,08,34,2012,06,26,00,00,00,20123,201208,201234,2012,3,8,34,2012,6,26,0,0,0
2012-08-27 00:00:00.0000000,2012-08-27,20120827000000,20120827,2012,03,08,35,2012,00,27,00,00,00,20123,201208,201235,2012,3,8,35,2012,0,27,0,0,0
2012-08-28 00:00:00.0000000,2012-08-28,20120828000000,20120828,2012,03,08,35,2012,01,28,00,00,00,20123,201208,201235,2012,3,8,35,2012,1,28,0,0,0
2012-08-29 00:00:00.0000000,2012-08-29,20120829000000,20120829,2012,03,08,35,2012,02,29,00,00,00,20123,201208,201235,2012,3,8,35,2012,2,29,0,0,0
2012-08-30 00:00:00.0000000,2012-08-30,20120830000000,20120830,2012,03,08,35,2012,03,30,00,00,00,20123,201208,201235,2012,3,8,35,2012,3,30,0,0,0
2012-08-31 00:00:00.0000000,2012-08-31,20120831000000,20120831,2012,03,08,35,2012,04,31,00,00,00,20123,201208,201235,2012,3,8,35,2012,4,31,0,0,0
2012-09-01 00:00:00.0000000,2012-09-01,20120901000000,20120901,2012,03,09,35,2012,05,01,00,00,00,20123,201209,201235,2012,3,9,35,2012,5,1,0,0,0
2012-09-02 00:00:00.0000000,2012-09-02,20120902000000,20120902,2012,03,09,35,2012,06,02,00,00,00,20123,201209,201235,2012,3,9,35,2012,6,2,0,0,0
2012-09-03 00:00:00.0000000,2012-09-03,20120903000000,20120903,2012,03,09,36,2012,00,03,00,00,00,20123,201209,201236,2012,3,9,36,2012,0,3,0,0,0
2012-09-04 00:00:00.0000000,2012-09-04,20120904000000,20120904,2012,03,09,36,2012,01,04,00,00,00,20123,201209,201236,2012,3,9,36,2012,1,4,0,0,0
2012-09-05 00:00:00.0000000,2012-09-05,20120905000000,20120905,2012,03,09,36,2012,02,05,00,00,00,20123,201209,201236,2012,3,9,36,2012,2,5,0,0,0
2012-09-06 00:00:00.0000000,2012-09-06,20120906000000,20120906,2012,03,09,36,2012,03,06,00,00,00,20123,201209,201236,2012,3,9,36,2012,3,6,0,0,0
2012-09-07 00:00:00.0000000,2012-09-07,20120907000000,20120907,2012,03,09,36,2012,04,07,00,00,00,20123,201209,201236,2012,3,9,36,2012,4,7,0,0,0
2012-09-08 00:00:00.0000000,2012-09-08,20120908000000,20120908,2012,03,09,36,2012,05,08,00,00,00,20123,201209,201236,2012,3,9,36,2012,5,8,0,0,0
2012-09-09 00:00:00.0000000,2012-09-09,20120909000000,20120909,2012,03,09,36,2012,06,09,00,00,00,20123,201209,201236,2012,3,9,36,2012,6,9,0,0,0
2012-09-10 00:00:00.0000000,2012-09-10,20120910000000,20120910,2012,03,09,37,2012,00,10,00,00,00,20123,201209,201237,2012,3,9,37,2012,0,10,0,0,0
2012-09-11 00:00:00.0000000,2012-09-11,20120911000000,20120911,2012,03,09,37,2012,01,11,00,00,00,20123,201209,201237,2012,3,9,37,2012,1,11,0,0,0
2012-09-12 00:00:00.0000000,2012-09-12,20120912000000,20120912,2012,03,09,37,2012,02,12,00,00,00,20123,201209,201237,2012,3,9,37,2012,2,12,0,0,0
2012-09-13 00:00:00.0000000,2012-09-13,20120913000000,20120913,2012,03,09,37,2012,03,13,00,00,00,20123,201209,201237,2012,3,9,37,2012,3,13,0,0,0
2012-09-14 00:00:00.0000000,2012-09-14,20120914000000,20120914,2012,03,09,37,2012,04,14,00,00,00,20123,201209,201237,2012,3,9,37,2012,4,14,0,0,0
2012-09-15 00:00:00.0000000,2012-09-15,20120915000000,20120915,2012,03,09,37,2012,05,15,00,00,00,20123,201209,201237,2012,3,9,37,2012,5,15,0,0,0
2012-09-16 00:00:00.0000000,2012-09-16,20120916000000,20120916,2012,03,09,37,2012,06,16,00,00,00,20123,201209,201237,2012,3,9,37,2012,6,16,0,0,0
2012-09-17 00:00:00.0000000,2012-09-17,20120917000000,20120917,2012,03,09,38,2012,00,17,00,00,00,20123,201209,201238,2012,3,9,38,2012,0,17,0,0,0
2012-09-18 00:00:00.0000000,2012-09-18,20120918000000,20120918,2012,03,09,38,2012,01,18,00,00,00,20123,201209,201238,2012,3,9,38,2012,1,18,0,0,0
2012-09-19 00:00:00.0000000,2012-09-19,20120919000000,20120919,2012,03,09,38,2012,02,19,00,00,00,20123,201209,201238,2012,3,9,38,2012,2,19,0,0,0
2012-09-20 00:00:00.0000000,2012-09-20,20120920000000,20120920,2012,03,09,38,2012,03,20,00,00,00,20123,201209,201238,2012,3,9,38,2012,3,20,0,0,0
2012-09-21 00:00:00.0000000,2012-09-21,20120921000000,20120921,2012,03,09,38,2012,04,21,00,00,00,20123,201209,201238,2012,3,9,38,2012,4,21,0,0,0
2012-09-22 00:00:00.0000000,2012-09-22,20120922000000,20120922,2012,03,09,38,2012,05,22,00,00,00,20123,201209,201238,2012,3,9,38,2012,5,22,0,0,0
2012-09-23 00:00:00.0000000,2012-09-23,20120923000000,20120923,2012,03,09,38,2012,06,23,00,00,00,20123,201209,201238,2012,3,9,38,2012,6,23,0,0,0
2012-09-24 00:00:00.0000000,2012-09-24,20120924000000,20120924,2012,03,09,39,2012,00,24,00,00,00,20123,201209,201239,2012,3,9,39,2012,0,24,0,0,0
2012-09-25 00:00:00.0000000,2012-09-25,20120925000000,20120925,2012,03,09,39,2012,01,25,00,00,00,20123,201209,201239,2012,3,9,39,2012,1,25,0,0,0
2012-09-26 00:00:00.0000000,2012-09-26,20120926000000,20120926,2012,03,09,39,2012,02,26,00,00,00,20123,201209,201239,2012,3,9,39,2012,2,26,0,0,0
2012-09-27 00:00:00.0000000,2012-09-27,20120927000000,20120927,2012,03,09,39,2012,03,27,00,00,00,20123,201209,201239,2012,3,9,39,2012,3,27,0,0,0
2012-09-28 00:00:00.0000000,2012-09-28,20120928000000,20120928,2012,03,09,39,2012,04,28,00,00,00,20123,201209,201239,2012,3,9,39,2012,4,28,0,0,0
2012-09-29 00:00:00.0000000,2012-09-29,20120929000000,20120929,2012,03,09,39,2012,05,29,00,00,00,20123,201209,201239,2012,3,9,39,2012,5,29,0,0,0
2012-09-30 00:00:00.0000000,2012-09-30,20120930000000,20120930,2012,03,09,39,2012,06,30,00,00,00,20123,201209,201239,2012,3,9,39,2012,6,30,0,0,0
2012-10-01 00:00:00.0000000,2012-10-01,20121001000000,20121001,2012,04,10,40,2012,00,01,00,00,00,20124,201210,201240,2012,4,10,40,2012,0,1,0,0,0
2012-10-02 00:00:00.0000000,2012-10-02,20121002000000,20121002,2012,04,10,40,2012,01,02,00,00,00,20124,201210,201240,2012,4,10,40,2012,1,2,0,0,0
2012-10-03 00:00:00.0000000,2012-10-03,20121003000000,20121003,2012,04,10,40,2012,02,03,00,00,00,20124,201210,201240,2012,4,10,40,2012,2,3,0,0,0
2012-10-04 00:00:00.0000000,2012-10-04,20121004000000,20121004,2012,04,10,40,2012,03,04,00,00,00,20124,201210,201240,2012,4,10,40,2012,3,4,0,0,0
2012-10-05 00:00:00.0000000,2012-10-05,20121005000000,20121005,2012,04,10,40,2012,04,05,00,00,00,20124,201210,201240,2012,4,10,40,2012,4,5,0,0,0
2012-10-06 00:00:00.0000000,2012-10-06,20121006000000,20121006,2012,04,10,40,2012,05,06,00,00,00,20124,201210,201240,2012,4,10,40,2012,5,6,0,0,0
2012-10-07 00:00:00.0000000,2012-10-07,20121007000000,20121007,2012,04,10,40,2012,06,07,00,00,00,20124,201210,201240,2012,4,10,40,2012,6,7,0,0,0
2012-10-08 00:00:00.0000000,2012-10-08,20121008000000,20121008,2012,04,10,41,2012,00,08,00,00,00,20124,201210,201241,2012,4,10,41,2012,0,8,0,0,0
2012-10-09 00:00:00.0000000,2012-10-09,20121009000000,20121009,2012,04,10,41,2012,01,09,00,00,00,20124,201210,201241,2012,4,10,41,2012,1,9,0,0,0
2012-10-10 00:00:00.0000000,2012-10-10,20121010000000,20121010,2012,04,10,41,2012,02,10,00,00,00,20124,201210,201241,2012,4,10,41,2012,2,10,0,0,0
2012-10-11 00:00:00.0000000,2012-10-11,20121011000000,20121011,2012,04,10,41,2012,03,11,00,00,00,20124,201210,201241,2012,4,10,41,2012,3,11,0,0,0
2012-10-12 00:00:00.0000000,2012-10-12,20121012000000,20121012,2012,04,10,41,2012,04,12,00,00,00,20124,201210,201241,2012,4,10,41,2012,4,12,0,0,0
2012-10-13 00:00:00.0000000,2012-10-13,20121013000000,20121013,2012,04,10,41,2012,05,13,00,00,00,20124,201210,201241,2012,4,10,41,2012,5,13,0,0,0
2012-10-14 00:00:00.0000000,2012-10-14,20121014000000,20121014,2012,04,10,41,2012,06,14,00,00,00,20124,201210,201241,2012,4,10,41,2012,6,14,0,0,0
2012-10-15 00:00:00.0000000,2012-10-15,20121015000000,20121015,2012,04,10,42,2012,00,15,00,00,00,20124,201210,201242,2012,4,10,42,2012,0,15,0,0,0
2012-10-16 00:00:00.0000000,2012-10-16,20121016000000,20121016,2012,04,10,42,2012,01,16,00,00,00,20124,201210,201242,2012,4,10,42,2012,1,16,0,0,0
2012-10-17 00:00:00.0000000,2012-10-17,20121017000000,20121017,2012,04,10,42,2012,02,17,00,00,00,20124,201210,201242,2012,4,10,42,2012,2,17,0,0,0
2012-10-18 00:00:00.0000000,2012-10-18,20121018000000,20121018,2012,04,10,42,2012,03,18,00,00,00,20124,201210,201242,2012,4,10,42,2012,3,18,0,0,0
2012-10-19 00:00:00.0000000,2012-10-19,20121019000000,20121019,2012,04,10,42,2012,04,19,00,00,00,20124,201210,201242,2012,4,10,42,2012,4,19,0,0,0
2012-10-20 00:00:00.0000000,2012-10-20,20121020000000,20121020,2012,04,10,42,2012,05,20,00,00,00,20124,201210,201242,2012,4,10,42,2012,5,20,0,0,0
2012-10-21 00:00:00.0000000,2012-10-21,20121021000000,20121021,2012,04,10,42,2012,06,21,00,00,00,20124,201210,201242,2012,4,10,42,2012,6,21,0,0,0
2012-10-22 00:00:00.0000000,2012-10-22,20121022000000,20121022,2012,04,10,43,2012,00,22,00,00,00,20124,201210,201243,2012,4,10,43,2012,0,22,0,0,0
2012-10-23 00:00:00.0000000,2012-10-23,20121023000000,20121023,2012,04,10,43,2012,01,23,00,00,00,20124,201210,201243,2012,4,10,43,2012,1,23,0,0,0
2012-10-24 00:00:00.0000000,2012-10-24,20121024000000,20121024,2012,04,10,43,2012,02,24,00,00,00,20124,201210,201243,2012,4,10,43,2012,2,24,0,0,0
2012-10-25 00:00:00.0000000,2012-10-25,20121025000000,20121025,2012,04,10,43,2012,03,25,00,00,00,20124,201210,201243,2012,4,10,43,2012,3,25,0,0,0
2012-10-26 00:00:00.0000000,2012-10-26,20121026000000,20121026,2012,04,10,43,2012,04,26,00,00,00,20124,201210,201243,2012,4,10,43,2012,4,26,0,0,0
2012-10-27 00:00:00.0000000,2012-10-27,20121027000000,20121027,2012,04,10,43,2012,05,27,00,00,00,20124,201210,201243,2012,4,10,43,2012,5,27,0,0,0
2012-10-28 00:00:00.0000000,2012-10-28,20121028000000,20121028,2012,04,10,43,2012,06,28,00,00,00,20124,201210,201243,2012,4,10,43,2012,6,28,0,0,0
2012-10-29 00:00:00.0000000,2012-10-29,20121029000000,20121029,2012,04,10,44,2012,00,29,00,00,00,20124,201210,201244,2012,4,10,44,2012,0,29,0,0,0
2012-10-30 00:00:00.0000000,2012-10-30,20121030000000,20121030,2012,04,10,44,2012,01,30,00,00,00,20124,201210,201244,2012,4,10,44,2012,1,30,0,0,0
2012-10-31 00:00:00.0000000,2012-10-31,20121031000000,20121031,2012,04,10,44,2012,02,31,00,00,00,20124,201210,201244,2012,4,10,44,2012,2,31,0,0,0
2012-11-01 00:00:00.0000000,2012-11-01,20121101000000,20121101,2012,04,11,44,2012,03,01,00,00,00,20124,201211,201244,2012,4,11,44,2012,3,1,0,0,0
2012-11-02 00:00:00.0000000,2012-11-02,20121102000000,20121102,2012,04,11,44,2012,04,02,00,00,00,20124,201211,201244,2012,4,11,44,2012,4,2,0,0,0
2012-11-03 00:00:00.0000000,2012-11-03,20121103000000,20121103,2012,04,11,44,2012,05,03,00,00,00,20124,201211,201244,2012,4,11,44,2012,5,3,0,0,0
2012-11-04 00:00:00.0000000,2012-11-04,20121104000000,20121104,2012,04,11,44,2012,06,04,00,00,00,20124,201211,201244,2012,4,11,44,2012,6,4,0,0,0
2012-11-05 00:00:00.0000000,2012-11-05,20121105000000,20121105,2012,04,11,45,2012,00,05,00,00,00,20124,201211,201245,2012,4,11,45,2012,0,5,0,0,0
2012-11-06 00:00:00.0000000,2012-11-06,20121106000000,20121106,2012,04,11,45,2012,01,06,00,00,00,20124,201211,201245,2012,4,11,45,2012,1,6,0,0,0
2012-11-07 00:00:00.0000000,2012-11-07,20121107000000,20121107,2012,04,11,45,2012,02,07,00,00,00,20124,201211,201245,2012,4,11,45,2012,2,7,0,0,0
2012-11-08 00:00:00.0000000,2012-11-08,20121108000000,20121108,2012,04,11,45,2012,03,08,00,00,00,20124,201211,201245,2012,4,11,45,2012,3,8,0,0,0
2012-11-09 00:00:00.0000000,2012-11-09,20121109000000,20121109,2012,04,11,45,2012,04,09,00,00,00,20124,201211,201245,2012,4,11,45,2012,4,9,0,0,0
2012-11-10 00:00:00.0000000,2012-11-10,20121110000000,20121110,2012,04,11,45,2012,05,10,00,00,00,20124,201211,201245,2012,4,11,45,2012,5,10,0,0,0
2012-11-11 00:00:00.0000000,2012-11-11,20121111000000,20121111,2012,04,11,45,2012,06,11,00,00,00,20124,201211,201245,2012,4,11,45,2012,6,11,0,0,0
2012-11-12 00:00:00.0000000,2012-11-12,20121112000000,20121112,2012,04,11,46,2012,00,12,00,00,00,20124,201211,201246,2012,4,11,46,2012,0,12,0,0,0
2012-11-13 00:00:00.0000000,2012-11-13,20121113000000,20121113,2012,04,11,46,2012,01,13,00,00,00,20124,201211,201246,2012,4,11,46,2012,1,13,0,0,0
2012-11-14 00:00:00.0000000,2012-11-14,20121114000000,20121114,2012,04,11,46,2012,02,14,00,00,00,20124,201211,201246,2012,4,11,46,2012,2,14,0,0,0
2012-11-15 00:00:00.0000000,2012-11-15,20121115000000,20121115,2012,04,11,46,2012,03,15,00,00,00,20124,201211,201246,2012,4,11,46,2012,3,15,0,0,0
2012-11-16 00:00:00.0000000,2012-11-16,20121116000000,20121116,2012,04,11,46,2012,04,16,00,00,00,20124,201211,201246,2012,4,11,46,2012,4,16,0,0,0
2012-11-17 00:00:00.0000000,2012-11-17,20121117000000,20121117,2012,04,11,46,2012,05,17,00,00,00,20124,201211,201246,2012,4,11,46,2012,5,17,0,0,0
2012-11-18 00:00:00.0000000,2012-11-18,20121118000000,20121118,2012,04,11,46,2012,06,18,00,00,00,20124,201211,201246,2012,4,11,46,2012,6,18,0,0,0
2012-11-19 00:00:00.0000000,2012-11-19,20121119000000,20121119,2012,04,11,47,2012,00,19,00,00,00,20124,201211,201247,2012,4,11,47,2012,0,19,0,0,0
2012-11-20 00:00:00.0000000,2012-11-20,20121120000000,20121120,2012,04,11,47,2012,01,20,00,00,00,20124,201211,201247,2012,4,11,47,2012,1,20,0,0,0
2012-11-21 00:00:00.0000000,2012-11-21,20121121000000,20121121,2012,04,11,47,2012,02,21,00,00,00,20124,201211,201247,2012,4,11,47,2012,2,21,0,0,0
2012-11-22 00:00:00.0000000,2012-11-22,20121122000000,20121122,2012,04,11,47,2012,03,22,00,00,00,20124,201211,201247,2012,4,11,47,2012,3,22,0,0,0
2012-11-23 00:00:00.0000000,2012-11-23,20121123000000,20121123,2012,04,11,47,2012,04,23,00,00,00,20124,201211,201247,2012,4,11,47,2012,4,23,0,0,0
2012-11-24 00:00:00.0000000,2012-11-24,20121124000000,20121124,2012,04,11,47,2012,05,24,00,00,00,20124,201211,201247,2012,4,11,47,2012,5,24,0,0,0
2012-11-25 00:00:00.0000000,2012-11-25,20121125000000,20121125,2012,04,11,47,2012,06,25,00,00,00,20124,201211,201247,2012,4,11,47,2012,6,25,0,0,0
2012-11-26 00:00:00.0000000,2012-11-26,20121126000000,20121126,2012,04,11,48,2012,00,26,00,00,00,20124,201211,201248,2012,4,11,48,2012,0,26,0,0,0
2012-11-27 00:00:00.0000000,2012-11-27,20121127000000,20121127,2012,04,11,48,2012,01,27,00,00,00,20124,201211,201248,2012,4,11,48,2012,1,27,0,0,0
2012-11-28 00:00:00.0000000,2012-11-28,20121128000000,20121128,2012,04,11,48,2012,02,28,00,00,00,20124,201211,201248,2012,4,11,48,2012,2,28,0,0,0
2012-11-29 00:00:00.0000000,2012-11-29,20121129000000,20121129,2012,04,11,48,2012,03,29,00,00,00,20124,201211,201248,2012,4,11,48,2012,3,29,0,0,0
2012-11-30 00:00:00.0000000,2012-11-30,20121130000000,20121130,2012,04,11,48,2012,04,30,00,00,00,20124,201211,201248,2012,4,11,48,2012,4,30,0,0,0
2012-12-01 00:00:00.0000000,2012-12-01,20121201000000,20121201,2012,04,12,48,2012,05,01,00,00,00,20124,201212,201248,2012,4,12,48,2012,5,1,0,0,0
2012-12-02 00:00:00.0000000,2012-12-02,20121202000000,20121202,2012,04,12,48,2012,06,02,00,00,00,20124,201212,201248,2012,4,12,48,2012,6,2,0,0,0
2012-12-03 00:00:00.0000000,2012-12-03,20121203000000,20121203,2012,04,12,49,2012,00,03,00,00,00,20124,201212,201249,2012,4,12,49,2012,0,3,0,0,0
2012-12-04 00:00:00.0000000,2012-12-04,20121204000000,20121204,2012,04,12,49,2012,01,04,00,00,00,20124,201212,201249,2012,4,12,49,2012,1,4,0,0,0
2012-12-05 00:00:00.0000000,2012-12-05,20121205000000,20121205,2012,04,12,49,2012,02,05,00,00,00,20124,201212,201249,2012,4,12,49,2012,2,5,0,0,0
2012-12-06 00:00:00.0000000,2012-12-06,20121206000000,20121206,2012,04,12,49,2012,03,06,00,00,00,20124,201212,201249,2012,4,12,49,2012,3,6,0,0,0
2012-12-07 00:00:00.0000000,2012-12-07,20121207000000,20121207,2012,04,12,49,2012,04,07,00,00,00,20124,201212,201249,2012,4,12,49,2012,4,7,0,0,0
2012-12-08 00:00:00.0000000,2012-12-08,20121208000000,20121208,2012,04,12,49,2012,05,08,00,00,00,20124,201212,201249,2012,4,12,49,2012,5,8,0,0,0
2012-12-09 00:00:00.0000000,2012-12-09,20121209000000,20121209,2012,04,12,49,2012,06,09,00,00,00,20124,201212,201249,2012,4,12,49,2012,6,9,0,0,0
2012-12-10 00:00:00.0000000,2012-12-10,20121210000000,20121210,2012,04,12,50,2012,00,10,00,00,00,20124,201212,201250,2012,4,12,50,2012,0,10,0,0,0
2012-12-11 00:00:00.0000000,2012-12-11,20121211000000,20121211,2012,04,12,50,2012,01,11,00,00,00,20124,201212,201250,2012,4,12,50,2012,1,11,0,0,0
2012-12-12 00:00:00.0000000,2012-12-12,20121212000000,20121212,2012,04,12,50,2012,02,12,00,00,00,20124,201212,201250,2012,4,12,50,2012,2,12,0,0,0
2012-12-13 00:00:00.0000000,2012-12-13,20121213000000,20121213,2012,04,12,50,2012,03,13,00,00,00,20124,201212,201250,2012,4,12,50,2012,3,13,0,0,0
2012-12-14 00:00:00.0000000,2012-12-14,20121214000000,20121214,2012,04,12,50,2012,04,14,00,00,00,20124,201212,201250,2012,4,12,50,2012,4,14,0,0,0
2012-12-15 00:00:00.0000000,2012-12-15,20121215000000,20121215,2012,04,12,50,2012,05,15,00,00,00,20124,201212,201250,2012,4,12,50,2012,5,15,0,0,0
2012-12-16 00:00:00.0000000,2012-12-16,20121216000000,20121216,2012,04,12,50,2012,06,16,00,00,00,20124,201212,201250,2012,4,12,50,2012,6,16,0,0,0
2012-12-17 00:00:00.0000000,2012-12-17,20121217000000,20121217,2012,04,12,51,2012,00,17,00,00,00,20124,201212,201251,2012,4,12,51,2012,0,17,0,0,0
2012-12-18 00:00:00.0000000,2012-12-18,20121218000000,20121218,2012,04,12,51,2012,01,18,00,00,00,20124,201212,201251,2012,4,12,51,2012,1,18,0,0,0
2012-12-19 00:00:00.0000000,2012-12-19,20121219000000,20121219,2012,04,12,51,2012,02,19,00,00,00,20124,201212,201251,2012,4,12,51,2012,2,19,0,0,0
2012-12-20 00:00:00.0000000,2012-12-20,20121220000000,20121220,2012,04,12,51,2012,03,20,00,00,00,20124,201212,201251,2012,4,12,51,2012,3,20,0,0,0
2012-12-21 00:00:00.0000000,2012-12-21,20121221000000,20121221,2012,04,12,51,2012,04,21,00,00,00,20124,201212,201251,2012,4,12,51,2012,4,21,0,0,0
2012-12-22 00:00:00.0000000,2012-12-22,20121222000000,20121222,2012,04,12,51,2012,05,22,00,00,00,20124,201212,201251,2012,4,12,51,2012,5,22,0,0,0
2012-12-23 00:00:00.0000000,2012-12-23,20121223000000,20121223,2012,04,12,51,2012,06,23,00,00,00,20124,201212,201251,2012,4,12,51,2012,6,23,0,0,0
2012-12-24 00:00:00.0000000,2012-12-24,20121224000000,20121224,2012,04,12,52,2012,00,24,00,00,00,20124,201212,201252,2012,4,12,52,2012,0,24,0,0,0
2012-12-25 00:00:00.0000000,2012-12-25,20121225000000,20121225,2012,04,12,52,2012,01,25,00,00,00,20124,201212,201252,2012,4,12,52,2012,1,25,0,0,0
2012-12-26 00:00:00.0000000,2012-12-26,20121226000000,20121226,2012,04,12,52,2012,02,26,00,00,00,20124,201212,201252,2012,4,12,52,2012,2,26,0,0,0
2012-12-27 00:00:00.0000000,2012-12-27,20121227000000,20121227,2012,04,12,52,2012,03,27,00,00,00,20124,201212,201252,2012,4,12,52,2012,3,27,0,0,0
2012-12-28 00:00:00.0000000,2012-12-28,20121228000000,20121228,2012,04,12,52,2012,04,28,00,00,00,20124,201212,201252,2012,4,12,52,2012,4,28,0,0,0
2012-12-29 00:00:00.0000000,2012-12-29,20121229000000,20121229,2012,04,12,52,2012,05,29,00,00,00,20124,201212,201252,2012,4,12,52,2012,5,29,0,0,0
2012-12-30 00:00:00.0000000,2012-12-30,20121230000000,20121230,2012,04,12,52,2012,06,30,00,00,00,20124,201212,201252,2012,4,12,52,2012,6,30,0,0,0
2012-12-31 00:00:00.0000000,2012-12-31,20121231000000,20121231,2012,04,12,01,2013,00,31,00,00,00,20124,201212,201301,2012,4,12,1,2013,0,31,0,0,0
